{
"lengthUnit": "mil",
"components": {
	"fields": ["COMPONENT_NO", "COMPONENT_NAME", "LAYER", "X_COORDINATE", "Y_COORDINATE", "ANGLE"],
	"rows": [
		[1, "C25", "T", 200.67, -1685.79, 0],
		[2, "C26", "T", 120.29, -632.23, 0],
		[3, "C27", "T", 200.67, -1885.79, 180],
		[4, "C28", "T", 200.67, -840.79, 180],
		[5, "C30", "T", 290.69, -1413.98, 180],
		[6, "C31", "T", 90.67, -1255.79, 270],
		[7, "DC3", "B", 295.67, -2655.79, 270],
		[8, "H3", "T", 875, -1675, 90],
		[9, "L2", "T", 285.67, -1175.79, 90],
		[10, "LED3", "T", 122.29, -415.64, 180],
		[11, "R13", "T", 335.67, -1555.79, 270],
		[12, "R14", "T", 118.94, -525.64, 180],
		[13, "R15", "T", 628.25, -2625.56, 180],
		[14, "R16", "T", 117.88, -1413.35, 0],
		[15, "R17", "T", 65.69, -1558.37, 90],
		[16, "R18", "T", 90.99, -1087.11, 270],
		[17, "SW2", "T", 220, -2240, 90],
		[18, "U11", "T", 788.4, -1150, 90],
		[19, "U12", "B", 745, -2615, 180],
		[20, "U13", "T", 1380, -2485, 90],
		[21, "U14", "T", 1380, -1795, 90],
		[22, "U15", "T", 200.67, -1555.79, 180],
		[23, "U16", "T", 292.05, -576.31, 90],
		[24, "U17", "T", 785, -415, 180],
		[25, "U18", "T", 885, -555, 0]
	]
},
"pins": {
	"fields": ["PIN_NO", "PIN_NAME", "PIN_X", "PIN_Y", "LAYER", "PIN_TYPE", "NET_NAME", "NET_TYPE", "PAD_SHAPE", "PAD_SIZEX", "PAD_SIZEY", "HOLE_SIZE", "PAD_ANGLE"],
	"rows": [
		[1, "C25_1", 161.3, -1685.79, "T", "SMD", "GND", "GND", "R", 55.51, 53.15, 0, 0],
		[2, "C25_2", 240.04, -1685.79, "T", "SMD", "VCC", "", "R", 55.51, 53.15, 0, 0],
		[3, "C26_1", 80.92, -632.23, "T", "SMD", "GND", "GND", "R", 55.51, 53.15, 0, 0],
		[4, "C26_2", 159.66, -632.23, "T", "SMD", "VCC+3.3V", "", "R", 55.51, 53.15, 0, 0],
		[5, "C27_1", 305.79, -1885.79, "T", "SMD", "VCC", "", "R", 137.79, 47.24, 0, 180],
		[6, "C27_2", 95.56, -1885.79, "T", "SMD", "GND", "GND", "R", 137.79, 47.24, 0, 180],
		[7, "C28_1", 305.79, -840.79, "T", "SMD", "VCC+3.3V", "", "R", 137.79, 47.24, 0, 180],
		[8, "C28_2", 95.56, -840.79, "T", "SMD", "GND", "GND", "R", 137.79, 47.24, 0, 180],
		[9, "C30_1", 330.06, -1413.98, "T", "SMD", "$1N4956", "", "R", 55.51, 53.15, 0, 180],
		[10, "C30_2", 251.32, -1413.98, "T", "SMD", "$1N4954", "", "R", 55.51, 53.15, 0, 180],
		[11, "C31_1", 90.67, -1216.42, "T", "SMD", "$1N4957", "", "R", 55.51, 53.15, 0, 270],
		[12, "C31_2", 90.67, -1295.16, "T", "SMD", "VCC+3.3V", "", "R", 55.51, 53.15, 0, 270],
		[13, "DC3_1", 202.17, -2775.86, "T", "DIP", "$1N5008", "", "O", 62.99, 157.48, 118.11, 270],
		[14, "DC3_1", 202.17, -2775.86, "B", "DIP", "$1N5008", "", "O", 62.99, 157.48, 118.11, 270],
		[15, "DC3_2", 202.17, -2535.71, "T", "DIP", "GND", "GND", "O", 62.99, 157.48, 118.11, 270],
		[16, "DC3_2", 202.17, -2535.71, "B", "DIP", "GND", "GND", "O", 62.99, 157.48, 118.11, 270],
		[17, "DC3_3", 389.18, -2661.7, "T", "DIP", "GND", "GND", "O", 62.99, 157.48, 118.11, 180],
		[18, "DC3_3", 389.18, -2661.7, "B", "DIP", "GND", "GND", "O", 62.99, 157.48, 118.11, 180],
		[19, "H3_1", 875, -1925, "T", "DIP", "+3.3V", "", "R", 70.87, 70.87, 40.16, 90],
		[20, "H3_1", 875, -1925, "B", "DIP", "+3.3V", "", "R", 70.87, 70.87, 40.16, 90],
		[21, "H3_2", 875, -1825, "T", "DIP", "PA9", "", "C", 62.99, 62.99, 40.16, 90],
		[22, "H3_2", 875, -1825, "B", "DIP", "PA9", "", "C", 62.99, 62.99, 40.16, 90],
		[23, "H3_3", 875, -1725, "T", "DIP", "PA10", "", "C", 62.99, 62.99, 40.16, 90],
		[24, "H3_3", 875, -1725, "B", "DIP", "PA10", "", "C", 62.99, 62.99, 40.16, 90],
		[25, "H3_4", 875, -1625, "T", "DIP", "GND", "GND", "C", 62.99, 62.99, 40.16, 90],
		[26, "H3_4", 875, -1625, "B", "DIP", "GND", "GND", "C", 62.99, 62.99, 40.16, 90],
		[27, "H3_5", 875, -1525, "T", "DIP", "PA12", "", "C", 62.99, 62.99, 40.16, 90],
		[28, "H3_5", 875, -1525, "B", "DIP", "PA12", "", "C", 62.99, 62.99, 40.16, 90],
		[29, "H3_6", 875, -1425, "T", "DIP", "GND", "GND", "C", 62.99, 62.99, 40.16, 90],
		[30, "H3_6", 875, -1425, "B", "DIP", "GND", "GND", "C", 62.99, 62.99, 40.16, 90],
		[31, "L2_1", 285.67, -1293.9, "T", "SMD", "$1N4954", "", "R", 94.49, 125.98, 0, 90],
		[32, "L2_2", 285.67, -1057.68, "T", "SMD", "VCC+3.3V", "", "R", 94.49, 125.98, 0, 90],
		[33, "LED3_1", 167.57, -415.84, "T", "SMD", "GND", "GND", "R", 39.37, 49.21, 0, 0],
		[34, "LED3_2", 80.95, -415.84, "T", "SMD", "$1N4980", "", "R", 39.37, 49.21, 0, 0],
		[35, "R13_1", 335.67, -1516.42, "T", "SMD", "$1N5018", "", "R", 44.59, 54.21, 0, 270],
		[36, "R13_2", 335.67, -1595.16, "T", "SMD", "VCC", "", "R", 44.59, 54.21, 0, 270],
		[37, "R14_1", 158.31, -525.64, "T", "SMD", "+3.3V", "", "R", 44.59, 54.21, 0, 180],
		[38, "R14_2", 79.57, -525.64, "T", "SMD", "$1N4980", "", "R", 44.59, 54.21, 0, 180],
		[39, "R15_1", 667.62, -2625.56, "T", "SMD", "+3.3V", "", "R", 44.59, 54.21, 0, 180],
		[40, "R15_2", 588.88, -2625.56, "T", "SMD", "$1N2299", "", "R", 44.59, 54.21, 0, 180],
		[41, "R16_1", 78.51, -1413.35, "T", "SMD", "$1N4957", "", "R", 44.59, 54.21, 0, 0],
		[42, "R16_2", 157.25, -1413.35, "T", "SMD", "VCC+3.3V", "", "R", 44.59, 54.21, 0, 0],
		[43, "R17_1", 65.69, -1597.74, "T", "SMD", "GND", "GND", "R", 44.59, 54.21, 0, 90],
		[44, "R17_2", 65.69, -1519, "T", "SMD", "$1N5019", "", "R", 44.59, 54.21, 0, 90],
		[45, "R18_1", 90.99, -1047.74, "T", "SMD", "GND", "GND", "R", 44.59, 54.21, 0, 270],
		[46, "R18_2", 90.99, -1126.48, "T", "SMD", "$1N4957", "", "R", 44.59, 54.21, 0, 270],
		[47, "SW2_1", 99.92, -2338.43, "T", "SMD", "$1N5008", "", "R", 27.56, 70.87, 0, 90],
		[48, "SW2_2", 99.92, -2239.99, "T", "SMD", "VCC", "", "R", 27.56, 70.87, 0, 90],
		[49, "SW2_3", 99.92, -2141.57, "T", "SMD", "VCC", "", "R", 27.56, 70.87, 0, 90],
		[50, "SW2_4", 340.08, -2338.43, "T", "SMD", "$1N5008", "", "R", 27.56, 70.87, 0, 90],
		[51, "SW2_5", 340.08, -2239.99, "T", "SMD", "VCC", "", "R", 27.56, 70.87, 0, 90],
		[52, "SW2_6", 340.08, -2141.57, "T", "SMD", "VCC", "", "R", 27.56, 70.87, 0, 90],
		[53, "U11_1", 1088.4, -2100, "T", "DIP", "U11_1", "", "C", 62.99, 62.99, 39.37, 90],
		[54, "U11_1", 1088.4, -2100, "B", "DIP", "U11_1", "", "C", 62.99, 62.99, 39.37, 90],
		[55, "U11_2", 1088.4, -2000, "T", "DIP", "U11_2", "", "C", 62.99, 62.99, 39.37, 90],
		[56, "U11_2", 1088.4, -2000, "B", "DIP", "U11_2", "", "C", 62.99, 62.99, 39.37, 90],
		[57, "U11_3", 1088.4, -1900, "T", "DIP", "U11_3", "", "C", 62.99, 62.99, 39.37, 90],
		[58, "U11_3", 1088.4, -1900, "B", "DIP", "U11_3", "", "C", 62.99, 62.99, 39.37, 90],
		[59, "U11_4", 1088.4, -1800, "T", "DIP", "U11_4", "", "C", 62.99, 62.99, 39.37, 90],
		[60, "U11_4", 1088.4, -1800, "B", "DIP", "U11_4", "", "C", 62.99, 62.99, 39.37, 90],
		[61, "U11_5", 1088.4, -1700, "T", "DIP", "U11_5", "", "C", 62.99, 62.99, 39.37, 90],
		[62, "U11_5", 1088.4, -1700, "B", "DIP", "U11_5", "", "C", 62.99, 62.99, 39.37, 90],
		[63, "U11_6", 1088.4, -1600, "T", "DIP", "PA9", "", "C", 62.99, 62.99, 39.37, 90],
		[64, "U11_6", 1088.4, -1600, "B", "DIP", "PA9", "", "C", 62.99, 62.99, 39.37, 90],
		[65, "U11_7", 1088.4, -1500, "T", "DIP", "PA10", "", "C", 62.99, 62.99, 39.37, 90],
		[66, "U11_7", 1088.4, -1500, "B", "DIP", "PA10", "", "C", 62.99, 62.99, 39.37, 90],
		[67, "U11_8", 1088.4, -1400, "T", "DIP", "GND", "GND", "C", 62.99, 62.99, 39.37, 90],
		[68, "U11_8", 1088.4, -1400, "B", "DIP", "GND", "GND", "C", 62.99, 62.99, 39.37, 90],
		[69, "U11_9", 1088.4, -1300, "T", "DIP", "PA12", "", "C", 62.99, 62.99, 39.37, 90],
		[70, "U11_9", 1088.4, -1300, "B", "DIP", "PA12", "", "C", 62.99, 62.99, 39.37, 90],
		[71, "U11_10", 1088.4, -1200, "T", "DIP", "U11_10", "", "C", 62.99, 62.99, 39.37, 90],
		[72, "U11_10", 1088.4, -1200, "B", "DIP", "U11_10", "", "C", 62.99, 62.99, 39.37, 90],
		[73, "U11_11", 1088.4, -1100, "T", "DIP", "U11_11", "", "C", 62.99, 62.99, 39.37, 90],
		[74, "U11_11", 1088.4, -1100, "B", "DIP", "U11_11", "", "C", 62.99, 62.99, 39.37, 90],
		[75, "U11_12", 1088.4, -1000, "T", "DIP", "U11_12", "", "C", 62.99, 62.99, 39.37, 90],
		[76, "U11_12", 1088.4, -1000, "B", "DIP", "U11_12", "", "C", 62.99, 62.99, 39.37, 90],
		[77, "U11_13", 1088.4, -900, "T", "DIP", "U11_13", "", "C", 62.99, 62.99, 39.37, 90],
		[78, "U11_13", 1088.4, -900, "B", "DIP", "U11_13", "", "C", 62.99, 62.99, 39.37, 90],
		[79, "U11_14", 1088.4, -800, "T", "DIP", "PB6", "", "C", 62.99, 62.99, 39.37, 90],
		[80, "U11_14", 1088.4, -800, "B", "DIP", "PB6", "", "C", 62.99, 62.99, 39.37, 90],
		[81, "U11_15", 1088.4, -700, "T", "DIP", "PB7", "", "C", 62.99, 62.99, 39.37, 90],
		[82, "U11_15", 1088.4, -700, "B", "DIP", "PB7", "", "C", 62.99, 62.99, 39.37, 90],
		[83, "U11_16", 1088.4, -600, "T", "DIP", "PB8", "", "C", 62.99, 62.99, 39.37, 90],
		[84, "U11_16", 1088.4, -600, "B", "DIP", "PB8", "", "C", 62.99, 62.99, 39.37, 90],
		[85, "U11_17", 1088.4, -500, "T", "DIP", "PB9", "", "C", 62.99, 62.99, 39.37, 90],
		[86, "U11_17", 1088.4, -500, "B", "DIP", "PB9", "", "C", 62.99, 62.99, 39.37, 90],
		[87, "U11_18", 1088.4, -400, "T", "DIP", "U11_18", "", "C", 62.99, 62.99, 39.37, 90],
		[88, "U11_18", 1088.4, -400, "B", "DIP", "U11_18", "", "C", 62.99, 62.99, 39.37, 90],
		[89, "U11_19", 1088.4, -300, "T", "DIP", "GND", "GND", "C", 62.99, 62.99, 39.37, 90],
		[90, "U11_19", 1088.4, -300, "B", "DIP", "GND", "GND", "C", 62.99, 62.99, 39.37, 90],
		[91, "U11_20", 1088.4, -200, "T", "DIP", "+3.3V", "", "C", 62.99, 62.99, 39.37, 90],
		[92, "U11_20", 1088.4, -200, "B", "DIP", "+3.3V", "", "C", 62.99, 62.99, 39.37, 90],
		[93, "U11_21", 488.4, -200, "T", "DIP", "U11_21", "", "C", 62.99, 62.99, 39.37, 90],
		[94, "U11_21", 488.4, -200, "B", "DIP", "U11_21", "", "C", 62.99, 62.99, 39.37, 90],
		[95, "U11_22", 488.4, -300, "T", "DIP", "U11_22", "", "C", 62.99, 62.99, 39.37, 90],
		[96, "U11_22", 488.4, -300, "B", "DIP", "U11_22", "", "C", 62.99, 62.99, 39.37, 90],
		[97, "U11_23", 488.4, -400, "T", "DIP", "U11_23", "", "C", 62.99, 62.99, 39.37, 90],
		[98, "U11_23", 488.4, -400, "B", "DIP", "U11_23", "", "C", 62.99, 62.99, 39.37, 90],
		[99, "U11_24", 488.4, -500, "T", "DIP", "U11_24", "", "C", 62.99, 62.99, 39.37, 90],
		[100, "U11_24", 488.4, -500, "B", "DIP", "U11_24", "", "C", 62.99, 62.99, 39.37, 90],
		[101, "U11_25", 488.4, -600, "T", "DIP", "PA0", "", "C", 62.99, 62.99, 39.37, 90],
		[102, "U11_25", 488.4, -600, "B", "DIP", "PA0", "", "C", 62.99, 62.99, 39.37, 90],
		[103, "U11_26", 488.4, -700, "T", "DIP", "PA1", "", "C", 62.99, 62.99, 39.37, 90],
		[104, "U11_26", 488.4, -700, "B", "DIP", "PA1", "", "C", 62.99, 62.99, 39.37, 90],
		[105, "U11_27", 488.4, -800, "T", "DIP", "PA2", "", "C", 62.99, 62.99, 39.37, 90],
		[106, "U11_27", 488.4, -800, "B", "DIP", "PA2", "", "C", 62.99, 62.99, 39.37, 90],
		[107, "U11_28", 488.4, -900, "T", "DIP", "PA3", "", "C", 62.99, 62.99, 39.37, 90],
		[108, "U11_28", 488.4, -900, "B", "DIP", "PA3", "", "C", 62.99, 62.99, 39.37, 90],
		[109, "U11_29", 488.4, -1000, "T", "DIP", "PA4", "", "C", 62.99, 62.99, 39.37, 90],
		[110, "U11_29", 488.4, -1000, "B", "DIP", "PA4", "", "C", 62.99, 62.99, 39.37, 90],
		[111, "U11_30", 488.4, -1100, "T", "DIP", "PA5", "", "C", 62.99, 62.99, 39.37, 90],
		[112, "U11_30", 488.4, -1100, "B", "DIP", "PA5", "", "C", 62.99, 62.99, 39.37, 90],
		[113, "U11_31", 488.4, -1200, "T", "DIP", "PA6", "", "C", 62.99, 62.99, 39.37, 90],
		[114, "U11_31", 488.4, -1200, "B", "DIP", "PA6", "", "C", 62.99, 62.99, 39.37, 90],
		[115, "U11_32", 488.4, -1300, "T", "DIP", "PA7", "", "C", 62.99, 62.99, 39.37, 90],
		[116, "U11_32", 488.4, -1300, "B", "DIP", "PA7", "", "C", 62.99, 62.99, 39.37, 90],
		[117, "U11_33", 488.4, -1400, "T", "DIP", "U11_33", "", "C", 62.99, 62.99, 39.37, 90],
		[118, "U11_33", 488.4, -1400, "B", "DIP", "U11_33", "", "C", 62.99, 62.99, 39.37, 90],
		[119, "U11_34", 488.4, -1500, "T", "DIP", "U11_34", "", "C", 62.99, 62.99, 39.37, 90],
		[120, "U11_34", 488.4, -1500, "B", "DIP", "U11_34", "", "C", 62.99, 62.99, 39.37, 90],
		[121, "U11_35", 488.4, -1600, "T", "DIP", "PB10", "", "C", 62.99, 62.99, 39.37, 90],
		[122, "U11_35", 488.4, -1600, "B", "DIP", "PB10", "", "C", 62.99, 62.99, 39.37, 90],
		[123, "U11_36", 488.4, -1700, "T", "DIP", "PB11", "", "C", 62.99, 62.99, 39.37, 90],
		[124, "U11_36", 488.4, -1700, "B", "DIP", "PB11", "", "C", 62.99, 62.99, 39.37, 90],
		[125, "U11_37", 488.4, -1800, "T", "DIP", "U11_37", "", "C", 62.99, 62.99, 39.37, 90],
		[126, "U11_37", 488.4, -1800, "B", "DIP", "U11_37", "", "C", 62.99, 62.99, 39.37, 90],
		[127, "U11_38", 488.4, -1900, "T", "DIP", "+3.3V", "", "C", 62.99, 62.99, 39.37, 90],
		[128, "U11_38", 488.4, -1900, "B", "DIP", "+3.3V", "", "C", 62.99, 62.99, 39.37, 90],
		[129, "U11_39", 488.4, -2000, "T", "DIP", "GND", "GND", "C", 62.99, 62.99, 39.37, 90],
		[130, "U11_39", 488.4, -2000, "B", "DIP", "GND", "GND", "C", 62.99, 62.99, 39.37, 90],
		[131, "U11_40", 488.4, -2100, "T", "DIP", "GND", "GND", "C", 62.99, 62.99, 39.37, 90],
		[132, "U11_40", 488.4, -2100, "B", "DIP", "GND", "GND", "C", 62.99, 62.99, 39.37, 90],
		[133, "U12_1", 1085, -2323.62, "T", "DIP", "VCC", "", "C", 59.05, 59.05, 39.37, 90],
		[134, "U12_1", 1085, -2323.62, "B", "DIP", "VCC", "", "C", 59.05, 59.05, 39.37, 90],
		[135, "U12_2", 1085, -2423.62, "T", "DIP", "+3.3V", "", "C", 59.05, 59.05, 39.37, 90],
		[136, "U12_2", 1085, -2423.62, "B", "DIP", "+3.3V", "", "C", 59.05, 59.05, 39.37, 90],
		[137, "U12_3", 1085, -2523.62, "T", "DIP", "GND", "GND", "C", 59.05, 59.05, 39.37, 90],
		[138, "U12_3", 1085, -2523.62, "B", "DIP", "GND", "GND", "C", 59.05, 59.05, 39.37, 90],
		[139, "U12_4", 1085, -2623.62, "T", "DIP", "AO1", "", "C", 59.05, 59.05, 39.37, 90],
		[140, "U12_4", 1085, -2623.62, "B", "DIP", "AO1", "", "C", 59.05, 59.05, 39.37, 90],
		[141, "U12_5", 1085, -2723.62, "T", "DIP", "AO2", "", "C", 59.05, 59.05, 39.37, 90],
		[142, "U12_5", 1085, -2723.62, "B", "DIP", "AO2", "", "C", 59.05, 59.05, 39.37, 90],
		[143, "U12_6", 1085, -2823.62, "T", "DIP", "BO2", "", "C", 59.05, 59.05, 39.37, 90],
		[144, "U12_6", 1085, -2823.62, "B", "DIP", "BO2", "", "C", 59.05, 59.05, 39.37, 90],
		[145, "U12_7", 1085, -2923.62, "T", "DIP", "BO1", "", "C", 59.05, 59.05, 39.37, 90],
		[146, "U12_7", 1085, -2923.62, "B", "DIP", "BO1", "", "C", 59.05, 59.05, 39.37, 90],
		[147, "U12_8", 1085, -3023.62, "T", "DIP", "GND", "GND", "R", 59.05, 59.05, 39.37, 90],
		[148, "U12_8", 1085, -3023.62, "B", "DIP", "GND", "GND", "R", 59.05, 59.05, 39.37, 90],
		[149, "U12_9", 485, -2323.62, "T", "DIP", "PA1", "", "C", 59.05, 59.05, 39.37, 90],
		[150, "U12_9", 485, -2323.62, "B", "DIP", "PA1", "", "C", 59.05, 59.05, 39.37, 90],
		[151, "U12_10", 485, -2423.62, "T", "DIP", "PA5", "", "C", 59.05, 59.05, 39.37, 90],
		[152, "U12_10", 485, -2423.62, "B", "DIP", "PA5", "", "C", 59.05, 59.05, 39.37, 90],
		[153, "U12_11", 485, -2523.62, "T", "DIP", "PA4", "", "C", 59.05, 59.05, 39.37, 90],
		[154, "U12_11", 485, -2523.62, "B", "DIP", "PA4", "", "C", 59.05, 59.05, 39.37, 90],
		[155, "U12_12", 485, -2623.62, "T", "DIP", "$1N2299", "", "C", 59.05, 59.05, 39.37, 90],
		[156, "U12_12", 485, -2623.62, "B", "DIP", "$1N2299", "", "C", 59.05, 59.05, 39.37, 90],
		[157, "U12_13", 485, -2723.62, "T", "DIP", "PA0", "", "C", 59.05, 59.05, 39.37, 90],
		[158, "U12_13", 485, -2723.62, "B", "DIP", "PA0", "", "C", 59.05, 59.05, 39.37, 90],
		[159, "U12_14", 485, -2823.62, "T", "DIP", "PA3", "", "C", 59.05, 59.05, 39.37, 90],
		[160, "U12_14", 485, -2823.62, "B", "DIP", "PA3", "", "C", 59.05, 59.05, 39.37, 90],
		[161, "U12_15", 485, -2923.62, "T", "DIP", "PA2", "", "C", 59.05, 59.05, 39.37, 90],
		[162, "U12_15", 485, -2923.62, "B", "DIP", "PA2", "", "C", 59.05, 59.05, 39.37, 90],
		[163, "U12_16", 485, -3023.62, "T", "DIP", "GND", "GND", "R", 59.05, 59.05, 39.37, 90],
		[164, "U12_16", 485, -3023.62, "B", "DIP", "GND", "GND", "R", 59.05, 59.05, 39.37, 90],
		[165, "U13_1", 1267.79, -2681.85, "T", "SMD", "AO1", "", "R", 39.37, 137.79, 0, 90],
		[166, "U13_2", 1267.79, -2603.11, "T", "SMD", "GND", "GND", "R", 39.37, 137.79, 0, 90],
		[167, "U13_3", 1267.79, -2524.37, "T", "SMD", "PA7", "", "R", 39.37, 137.79, 0, 90],
		[168, "U13_4", 1267.79, -2445.63, "T", "SMD", "PA6", "", "R", 39.37, 137.79, 0, 90],
		[169, "U13_5", 1267.79, -2366.89, "T", "SMD", "+3.3V", "", "R", 39.37, 137.79, 0, 90],
		[170, "U13_6", 1267.79, -2288.15, "T", "SMD", "AO2", "", "R", 39.37, 137.79, 0, 90],
		[171, "U13_7", 1492.2, -2774.37, "T", "SMD", "U13_7", "", "R", 59.05, 137.79, 0, 90],
		[172, "U13_8", 1492.2, -2195.63, "T", "SMD", "U13_8", "", "R", 59.05, 137.79, 0, 90],
		[173, "U14_1", 1267.8, -1991.85, "T", "SMD", "BO1", "", "R", 39.37, 137.79, 0, 90],
		[174, "U14_2", 1267.8, -1913.11, "T", "SMD", "GND", "GND", "R", 39.37, 137.79, 0, 90],
		[175, "U14_3", 1267.8, -1834.37, "T", "SMD", "PB7", "", "R", 39.37, 137.79, 0, 90],
		[176, "U14_4", 1267.8, -1755.63, "T", "SMD", "PB6", "", "R", 39.37, 137.79, 0, 90],
		[177, "U14_5", 1267.8, -1676.89, "T", "SMD", "+3.3V", "", "R", 39.37, 137.79, 0, 90],
		[178, "U14_6", 1267.8, -1598.15, "T", "SMD", "BO2", "", "R", 39.37, 137.79, 0, 90],
		[179, "U14_7", 1492.2, -2084.37, "T", "SMD", "U14_7", "", "R", 59.05, 137.79, 0, 90],
		[180, "U14_8", 1492.2, -1505.63, "T", "SMD", "U14_8", "", "R", 59.05, 137.79, 0, 90],
		[181, "U15_1", 152.99, -1517.4, "T", "SMD", "$1N4957", "", "O", 48.11, 14.33, 0, 180],
		[182, "U15_2", 152.99, -1542.99, "T", "SMD", "$1N5019", "", "O", 48.11, 14.33, 0, 180],
		[183, "U15_3", 152.99, -1568.58, "T", "SMD", "GND", "GND", "O", 48.11, 14.33, 0, 180],
		[184, "U15_4", 152.99, -1594.18, "T", "SMD", "GND", "GND", "O", 48.11, 14.33, 0, 180],
		[185, "U15_5", 248.35, -1594.18, "T", "SMD", "VCC", "", "O", 48.11, 14.33, 0, 180],
		[186, "U15_6", 248.35, -1568.58, "T", "SMD", "$1N4954", "", "O", 48.11, 14.33, 0, 180],
		[187, "U15_7", 248.35, -1542.99, "T", "SMD", "$1N4956", "", "O", 48.11, 14.33, 0, 180],
		[188, "U15_8", 248.35, -1517.4, "T", "SMD", "$1N5018", "", "O", 48.11, 14.33, 0, 180],
		[189, "U16_1", 292.05, -633.2, "T", "SMD", "VCC+3.3V", "", "R", 46.85, 68.03, 0, 90],
		[190, "U16_2", 292.05, -519.42, "T", "SMD", "+3.3V", "", "R", 46.85, 68.03, 0, 90],
		[191, "U17_1", 935, -415, "T", "DIP", "GND", "GND", "C", 70.87, 70.87, 41.34, 180],
		[192, "U17_1", 935, -415, "B", "DIP", "GND", "GND", "C", 70.87, 70.87, 41.34, 180],
		[193, "U17_2", 835, -415, "T", "DIP", "+3.3V", "", "C", 70.87, 70.87, 41.34, 180],
		[194, "U17_2", 835, -415, "B", "DIP", "+3.3V", "", "C", 70.87, 70.87, 41.34, 180],
		[195, "U17_3", 735, -415, "T", "DIP", "PB8", "", "C", 70.87, 70.87, 41.34, 180],
		[196, "U17_3", 735, -415, "B", "DIP", "PB8", "", "C", 70.87, 70.87, 41.34, 180],
		[197, "U17_4", 635, -415, "T", "DIP", "PB9", "", "C", 70.87, 70.87, 41.34, 180],
		[198, "U17_4", 635, -415, "B", "DIP", "PB9", "", "C", 70.87, 70.87, 41.34, 180],
		[199, "U18_1", 885, -555, "T", "DIP", "+3.3V", "", "C", 60, 60, 36, 0],
		[200, "U18_1", 885, -555, "B", "DIP", "+3.3V", "", "C", 60, 60, 36, 0],
		[201, "U18_2", 885, -655, "T", "DIP", "GND", "GND", "C", 60, 60, 36, 0],
		[202, "U18_2", 885, -655, "B", "DIP", "GND", "GND", "C", 60, 60, 36, 0],
		[203, "U18_3", 885, -755, "T", "DIP", "PB10", "", "C", 60, 60, 36, 0],
		[204, "U18_3", 885, -755, "B", "DIP", "PB10", "", "C", 60, 60, 36, 0],
		[205, "U18_4", 885, -855, "T", "DIP", "PB11", "", "C", 60, 60, 36, 0],
		[206, "U18_4", 885, -855, "B", "DIP", "PB11", "", "C", 60, 60, 36, 0],
		[207, "U18_5", 885, -955, "T", "DIP", "U18_5", "", "C", 60, 60, 36, 0],
		[208, "U18_5", 885, -955, "B", "DIP", "U18_5", "", "C", 60, 60, 36, 0],
		[209, "U18_6", 885, -1055, "T", "DIP", "U18_6", "", "C", 60, 60, 36, 0],
		[210, "U18_6", 885, -1055, "B", "DIP", "U18_6", "", "C", 60, 60, 36, 0],
		[211, "U18_7", 885, -1155, "T", "DIP", "U18_7", "", "C", 60, 60, 36, 0],
		[212, "U18_7", 885, -1155, "B", "DIP", "U18_7", "", "C", 60, 60, 36, 0],
		[213, "U18_8", 885, -1255, "T", "DIP", "U18_8", "", "C", 60, 60, 36, 0],
		[214, "U18_8", 885, -1255, "B", "DIP", "U18_8", "", "C", 60, 60, 36, 0]
	]
}
}